,Name,Author
0,10-Day Green Smoothie Cleanse,JJ Smith
1,11/22/63: A Novel,Stephen King
2,12 Rules for Life: An Antidote to Chaos,Jordan B. Peterson
3,1984 (Signet Classics),George Orwell
4,"5,000 Awesome Facts (About Everything!) (National Geographic Kids)",National Geographic Kids
5,A Dance with Dragons (A Song of Ice and Fire),George R. R. Martin
6,A Game of Thrones / A Clash of Kings / A Storm of Swords / A Feast of Crows / A Dance with Dragons,George R. R. Martin
7,A Gentleman in Moscow: A Novel,Amor Towles
8,"A Higher Loyalty: Truth, Lies, and Leadership",James Comey
9,A Man Called Ove: A Novel,Fredrik Backman
10,A Man Called Ove: A Novel,Fredrik Backman
11,A Patriot's History of the United States: From Columbus's Great Discovery to the War on Terror,Larry Schweikart
12,A Stolen Life: A Memoir,Jaycee Dugard
13,A Wrinkle in Time (Time Quintet),Madeleine L'Engle
14,"Act Like a Lady, Think Like a Man: What Men Really Think About Love, Relationships, Intimacy, and Commitment",Steve Harvey
15,"Adult Coloring Book Designs: Stress Relief Coloring Book: Garden Designs, Mandalas, Animals, and Paisley Patterns",Adult Coloring Book Designs
16,Adult Coloring Book: Stress Relieving Animal Designs,Blue Star Coloring
17,Adult Coloring Book: Stress Relieving Patterns,Blue Star Coloring
18,"Adult Coloring Books: A Coloring Book for Adults Featuring Mandalas and Henna Inspired Flowers, Animals, and Paisley…",Coloring Books for Adults
19,Alexander Hamilton,Ron Chernow
20,All the Light We Cannot See,Anthony Doerr
21,All the Light We Cannot See,Anthony Doerr
22,Allegiant,Veronica Roth
23,American Sniper: The Autobiography of the Most Lethal Sniper in U.S. Military History,Chris Kyle
24,And the Mountains Echoed,Khaled Hosseini
25,Arguing with Idiots: How to Stop Small Minds and Big Government,Glenn Beck
26,Astrophysics for People in a Hurry,Neil deGrasse Tyson
27,"Autobiography of Mark Twain, Vol. 1",Mark Twain
28,Baby Touch and Feel: Animals,DK
29,Balance (Angie's Extreme Stress Menders),Angie Grace
30,Barefoot Contessa Foolproof: Recipes You Can Trust: A Cookbook,Ina Garten
31,"Barefoot Contessa, How Easy Is That?: Fabulous Recipes & Easy Tips",Ina Garten
32,Becoming,Michelle Obama
33,Becoming,Michelle Obama
34,Being Mortal: Medicine and What Matters in the End,Atul Gawande
35,Between the World and Me,Ta-Nehisi Coates
36,Between the World and Me,Ta-Nehisi Coates
37,Born to Run,Bruce Springsteen
38,"Breaking Dawn (The Twilight Saga, Book 4)",Stephenie Meyer
39,"Broke: The Plan to Restore Our Trust, Truth and Treasure",Glenn Beck
40,"Brown Bear, Brown Bear, What Do You See?",Bill Martin Jr.
41,"Brown Bear, Brown Bear, What Do You See?",Bill Martin Jr.
42,"Cabin Fever (Diary of a Wimpy Kid, Book 6)",Jeff Kinney
43,Calm the F*ck Down: An Irreverent Adult Coloring Book (Irreverent Book Series),Sasha O'Hara
44,Can't Hurt Me: Master Your Mind and Defy the Odds,David Goggins
45,Capital in the Twenty First Century,Thomas Piketty
46,Catching Fire (The Hunger Games),Suzanne Collins
47,Catching Fire (The Hunger Games),Suzanne Collins
48,Catching Fire (The Hunger Games),Suzanne Collins
49,Cravings: Recipes for All the Food You Want to Eat: A Cookbook,Chrissy Teigen
50,Crazy Love: Overwhelmed by a Relentless God,Francis Chan
51,Crazy Love: Overwhelmed by a Relentless God,Francis Chan
52,Crazy Love: Overwhelmed by a Relentless God,Francis Chan
53,Crazy Rich Asians (Crazy Rich Asians Trilogy),Kevin Kwan
54,Creative Haven Creative Cats Coloring Book (Adult Coloring),Marjorie Sarnat
55,Creative Haven Owls Coloring Book (Adult Coloring),Marjorie Sarnat
56,Cutting for Stone,Abraham Verghese
57,Cutting for Stone,Abraham Verghese
58,"Daring Greatly: How the Courage to Be Vulnerable Transforms the Way We Live, Love, Parent, and Lead",Brené Brown
59,"David and Goliath: Underdogs, Misfits, and the Art of Battling Giants",Malcolm Gladwell
60,Dead And Gone: A Sookie Stackhouse Novel (Sookie Stackhouse/True Blood),Charlaine Harris
61,"Dead in the Family (Sookie Stackhouse/True Blood, Book 10)",Charlaine Harris
62,"Dead Reckoning (Sookie Stackhouse/True Blood, Book 11)",Charlaine Harris
63,Dear Zoo: A Lift-the-Flap Book,Rod Campbell
64,Dear Zoo: A Lift-the-Flap Book,Rod Campbell
65,Dear Zoo: A Lift-the-Flap Book,Rod Campbell
66,Dear Zoo: A Lift-the-Flap Book,Rod Campbell
67,Decision Points,George W. Bush
68,"Delivering Happiness: A Path to Profits, Passion, and Purpose",Tony Hsieh
69,"Diagnostic and Statistical Manual of Mental Disorders, 5th Edition: DSM-5",American Psychiatric Association
70,"Diagnostic and Statistical Manual of Mental Disorders, 5th Edition: DSM-5",American Psychiatric Association
71,"Diary of a Wimpy Kid: Hard Luck, Book 8",Jeff Kinney
72,Diary of a Wimpy Kid: The Last Straw (Book 3),Jeff Kinney
73,Diary of a Wimpy Kid: The Long Haul,Jeff Kinney
74,Difficult Riddles For Smart Kids: 300 Difficult Riddles And Brain Teasers Families Will Love (Books for Smart Kids),M Prefontaine
75,Divergent,Veronica Roth
76,Divergent,Veronica Roth
77,Divergent / Insurgent,Veronica Roth
78,"Divine Soul Mind Body Healing and Transmission System: The Divine Way to Heal You, Humanity, Mother Earth, and All…",Zhi Gang Sha
79,Doctor Sleep: A Novel,Stephen King
80,"Dog Days (Diary of a Wimpy Kid, Book 4) (Volume 4)",Jeff Kinney
81,Dog Man and Cat Kid: From the Creator of Captain Underpants (Dog Man #4),Dav Pilkey
82,Dog Man: A Tale of Two Kitties: From the Creator of Captain Underpants (Dog Man #3),Dav Pilkey
83,Dog Man: Brawl of the Wild: From the Creator of Captain Underpants (Dog Man #6),Dav Pilkey
84,Dog Man: Brawl of the Wild: From the Creator of Captain Underpants (Dog Man #6),Dav Pilkey
85,Dog Man: Fetch-22: From the Creator of Captain Underpants (Dog Man #8),Dav Pilkey
86,Dog Man: For Whom the Ball Rolls: From the Creator of Captain Underpants (Dog Man #7),Dav Pilkey
87,Dog Man: Lord of the Fleas: From the Creator of Captain Underpants (Dog Man #5),Dav Pilkey
88,Double Down (Diary of a Wimpy Kid #11),Jeff Kinney
89,Dover Creative Haven Art Nouveau Animal Designs Coloring Book (Creative Haven Coloring Books),Marty Noble
90,Drive: The Surprising Truth About What Motivates Us,Daniel H. Pink
91,Eat This Not That! Supermarket Survival Guide: The No-Diet Weight Loss Solution,David Zinczenko
92,"Eat This, Not That! Thousands of Simple Food Swaps that Can Save You 10, 20, 30 Pounds--or More!",David Zinczenko
93,"Eat to Live: The Amazing Nutrient-Rich Program for Fast and Sustained Weight Loss, Revised Edition",Joel Fuhrman MD
94,"Eat to Live: The Amazing Nutrient-Rich Program for Fast and Sustained Weight Loss, Revised Edition",Joel Fuhrman MD
95,Eclipse (Twilight Sagas),Stephenie Meyer
96,Eclipse (Twilight),Stephenie Meyer
97,Educated: A Memoir,Tara Westover
98,Educated: A Memoir,Tara Westover
99,"Enchanted Forest: An Inky Quest and Coloring book (Activity Books, Mindfulness and Meditation, Illustrated Floral Prints…",Johanna Basford
100,Fahrenheit 451,Ray Bradbury
101,Fahrenheit 451,Ray Bradbury
102,Fantastic Beasts and Where to Find Them: The Original Screenplay (Harry Potter),J.K. Rowling
103,Fear: Trump in the White House,Bob Woodward
104,Fifty Shades Darker,E L James
105,Fifty Shades Freed: Book Three of the Fifty Shades Trilogy (Fifty Shades of Grey Series) (English Edition),E L James
106,Fifty Shades of Grey: Book One of the Fifty Shades Trilogy (Fifty Shades of Grey Series),E L James
107,Fifty Shades of Grey: Book One of the Fifty Shades Trilogy (Fifty Shades of Grey Series),E L James
108,Fifty Shades Trilogy (Fifty Shades of Grey / Fifty Shades Darker / Fifty Shades Freed),E L James
109,Fire and Fury: Inside the Trump White House,Michael Wolff
110,First 100 Words,Roger Priddy
111,First 100 Words,Roger Priddy
112,First 100 Words,Roger Priddy
113,First 100 Words,Roger Priddy
114,First 100 Words,Roger Priddy
115,Food Rules: An Eater's Manual,Michael Pollan
116,Frozen (Little Golden Book),RH Disney
117,"Game Change: Obama and the Clintons, McCain and Palin, and the Race of a Lifetime",John Heilemann
118,Game of Thrones Boxed Set: A Game of Thrones/A Clash of Kings/A Storm of Swords/A Feast for Crows,George R.R. Martin
119,Game of Thrones Boxed Set: A Game of Thrones/A Clash of Kings/A Storm of Swords/A Feast for Crows,George R.R. Martin
120,Game of Thrones Boxed Set: A Game of Thrones/A Clash of Kings/A Storm of Swords/A Feast for Crows,George R.R. Martin
121,George Washington's Sacred Fire,Peter A. Lillback
122,George Washington's Secret Six: The Spy Ring That Saved the American Revolution,Brian Kilmeade
123,Giraffes Can't Dance,Giles Andreae
124,Giraffes Can't Dance,Giles Andreae
125,Giraffes Can't Dance,Giles Andreae
126,Giraffes Can't Dance,Giles Andreae
127,Giraffes Can't Dance,Giles Andreae
128,"Girl, Stop Apologizing: A Shame-Free Plan for Embracing and Achieving Your Goals",Rachel Hollis
129,"Girl, Wash Your Face: Stop Believing the Lies About Who You Are So You Can Become Who You Were Meant to Be",Rachel Hollis
130,"Girl, Wash Your Face: Stop Believing the Lies About Who You Are So You Can Become Who You Were Meant to Be",Rachel Hollis
131,"Glenn Beck's Common Sense: The Case Against an Out-of-Control Government, Inspired by Thomas Paine",Glenn Beck
132,Go Set a Watchman: A Novel,Harper Lee
133,Go the F**k to Sleep,Adam Mansbach
134,Going Rogue: An American Life,Sarah Palin
135,Gone Girl,Gillian Flynn
136,Gone Girl,Gillian Flynn
137,Gone Girl,Gillian Flynn
138,Good Days Start With Gratitude: A 52 Week Guide To Cultivate An Attitude Of Gratitude: Gratitude Journal,Pretty Simple Press
139,Good to Great: Why Some Companies Make the Leap and Others Don't,Jim Collins
140,Good to Great: Why Some Companies Make the Leap and Others Don't,Jim Collins
141,Good to Great: Why Some Companies Make the Leap and Others Don't,Jim Collins
142,Good to Great: Why Some Companies Make the Leap and Others Don't,Jim Collins
143,Goodnight Moon,Margaret Wise Brown
144,Goodnight Moon,Margaret Wise Brown
145,Goodnight Moon,Margaret Wise Brown
146,"Goodnight, Goodnight Construction Site (Hardcover Books for Toddlers, Preschool Books for Kids)",Sherri Duskey Rinker
147,"Goodnight, Goodnight Construction Site (Hardcover Books for Toddlers, Preschool Books for Kids)",Sherri Duskey Rinker
148,"Grain Brain: The Surprising Truth about Wheat, Carbs, and Sugar--Your Brain's Silent Killers",David Perlmutter MD
149,Grey: Fifty Shades of Grey as Told by Christian (Fifty Shades of Grey Series),E L James
150,Guts,Raina Telgemeier
151,Hamilton: The Revolution,Lin-Manuel Miranda
152,"Happy, Happy, Happy: My Life and Legacy as the Duck Commander",Phil Robertson
153,"Harry Potter and the Chamber of Secrets: The Illustrated Edition (Harry Potter, Book 2)",J.K. Rowling
154,"Harry Potter and the Cursed Child, Parts 1 & 2, Special Rehearsal Edition Script",J.K. Rowling
155,"Harry Potter and the Goblet of Fire: The Illustrated Edition (Harry Potter, Book 4) (4)",J. K. Rowling
156,"Harry Potter and the Prisoner of Azkaban: The Illustrated Edition (Harry Potter, Book 3)",J.K. Rowling
157,"Harry Potter and the Sorcerer's Stone: The Illustrated Edition (Harry Potter, Book 1)",J.K. Rowling
158,Harry Potter Coloring Book,Scholastic
159,Harry Potter Paperback Box Set (Books 1-7),J. K. Rowling
160,Have a Little Faith: A True Story,Mitch Albom
161,Heaven is for Real: A Little Boy's Astounding Story of His Trip to Heaven and Back,Todd Burpo
162,Heaven is for Real: A Little Boy's Astounding Story of His Trip to Heaven and Back,Todd Burpo
163,Hillbilly Elegy: A Memoir of a Family and Culture in Crisis,J. D. Vance
164,Hillbilly Elegy: A Memoir of a Family and Culture in Crisis,J. D. Vance
165,Homebody: A Guide to Creating Spaces You Never Want to Leave,Joanna Gaines
166,How to Win Friends & Influence People,Dale Carnegie
167,How to Win Friends & Influence People,Dale Carnegie
168,How to Win Friends & Influence People,Dale Carnegie
169,How to Win Friends & Influence People,Dale Carnegie
170,How to Win Friends & Influence People,Dale Carnegie
171,Howard Stern Comes Again,Howard Stern
172,Humans of New York,Brandon Stanton
173,Humans of New York,Brandon Stanton
174,Humans of New York : Stories,Brandon Stanton
175,"Hyperbole and a Half: Unfortunate Situations, Flawed Coping Mechanisms, Mayhem, and Other Things That Happened",Allie Brosh
176,"I Am Confident, Brave & Beautiful: A Coloring Book for Girls",Hopscotch Girls
177,"I, Alex Cross",James Patterson
178,If Animals Kissed Good Night,Ann Whitford Paul
179,If Animals Kissed Good Night,Ann Whitford Paul
180,If I Stay,Gayle Forman
181,"In the Garden of Beasts: Love, Terror, and an American Family in Hitler's Berlin",Eric Larson
182,Inferno,Dan Brown
183,Inheritance: Book IV (Inheritance Cycle),Christopher Paolini
184,Instant Pot Pressure Cooker Cookbook: 500 Everyday Recipes for Beginners and Advanced Users. Try Easy and Healthy…,Jennifer Smith
185,Instant Pot Pressure Cooker Cookbook: 500 Everyday Recipes for Beginners and Advanced Users. Try Easy and Healthy…,Jennifer Smith
186,It's Not Supposed to Be This Way: Finding Unexpected Strength When Disappointments Leave You Shattered,Lysa TerKeurst
187,Jesus Calling: Enjoying Peace in His Presence (with Scripture References),Sarah Young
188,Jesus Calling: Enjoying Peace in His Presence (with Scripture References),Sarah Young
189,Jesus Calling: Enjoying Peace in His Presence (with Scripture References),Sarah Young
190,Jesus Calling: Enjoying Peace in His Presence (with Scripture References),Sarah Young
191,Jesus Calling: Enjoying Peace in His Presence (with Scripture References),Sarah Young
192,Jesus Calling: Enjoying Peace in His Presence (with Scripture References),Sarah Young
193,JOURNEY TO THE ICE P,RH Disney
194,Joyland (Hard Case Crime),Stephen King
195,Killers of the Flower Moon: The Osage Murders and the Birth of the FBI,David Grann
196,Killing Jesus (Bill O'Reilly's Killing Series),Bill O'Reilly
197,Killing Kennedy: The End of Camelot,Bill O'Reilly
198,Killing Lincoln: The Shocking Assassination that Changed America Forever (Bill O'Reilly's Killing Series),Bill O'Reilly
199,Killing Lincoln: The Shocking Assassination that Changed America Forever (Bill O'Reilly's Killing Series),Bill O'Reilly
200,Killing Patton: The Strange Death of World War II's Most Audacious General (Bill O'Reilly's Killing Series),Bill O'Reilly
201,Killing Reagan: The Violent Assault That Changed a Presidency (Bill O'Reilly's Killing Series),Bill O'Reilly
202,Killing the Rising Sun: How America Vanquished World War II Japan (Bill O'Reilly's Killing Series),Bill O'Reilly
203,Kitchen Confidential Updated Edition: Adventures in the Culinary Underbelly (P.S.),Anthony Bourdain
204,Knock-Knock Jokes for Kids,Rob Elliott
205,Knock-Knock Jokes for Kids,Rob Elliott
206,Knock-Knock Jokes for Kids,Rob Elliott
207,"Last Week Tonight with John Oliver Presents A Day in the Life of Marlon Bundo (Better Bundo Book, LGBT Childrens Book)",Jill Twiss
208,Laugh-Out-Loud Jokes for Kids,Rob Elliott
209,Laugh-Out-Loud Jokes for Kids,Rob Elliott
210,Laugh-Out-Loud Jokes for Kids,Rob Elliott
211,Laugh-Out-Loud Jokes for Kids,Rob Elliott
212,Laugh-Out-Loud Jokes for Kids,Rob Elliott
213,"Lean In: Women, Work, and the Will to Lead",Sheryl Sandberg
214,Leonardo da Vinci,Walter Isaacson
215,Lettering and Modern Calligraphy: A Beginner's Guide: Learn Hand Lettering and Brush Lettering,Paper Peony Press
216,Liberty and Tyranny: A Conservative Manifesto,Mark R. Levin
217,Life,Keith Richards
218,Little Bee: A Novel,Chris Cleave
219,Little Blue Truck,Alice Schertle
220,Little Fires Everywhere,Celeste Ng
221,Looking for Alaska,John Green
222,"Love Wins: A Book About Heaven, Hell, and the Fate of Every Person Who Ever Lived",Rob Bell
223,Love You Forever,Robert Munsch
224,Love You Forever,Robert Munsch
225,Magnolia Table: A Collection of Recipes for Gathering,Joanna Gaines
226,Make It Ahead: A Barefoot Contessa Cookbook,Ina Garten
227,Make Your Bed: Little Things That Can Change Your Life...And Maybe the World,Admiral William H. McRaven
228,"Mastering the Art of French Cooking, Vol. 2",Julia Child
229,Milk and Honey,Rupi Kaur
230,Milk and Honey,Rupi Kaur
231,Milk and Honey,Rupi Kaur
232,Milk and Vine: Inspirational Quotes From Classic Vines,Adam Gasiewski
233,Mindset: The New Psychology of Success,Carol S. Dweck
234,Mindset: The New Psychology of Success,Carol S. Dweck
235,Mindset: The New Psychology of Success,Carol S. Dweck
236,Mockingjay (The Hunger Games),Suzanne Collins
237,Mockingjay (The Hunger Games),Suzanne Collins
238,Mockingjay (The Hunger Games),Suzanne Collins
239,"National Geographic Kids Why?: Over 1,111 Answers to Everything",Crispin Boyer
240,National Geographic Little Kids First Big Book of Why (National Geographic Little Kids First Big Books),Amy Shields
241,New Moon (The Twilight Saga),Stephenie Meyer
242,Night (Night),Elie Wiesel
243,No Easy Day: The Autobiography of a Navy Seal: The Firsthand Account of the Mission That Killed Osama Bin Laden,Mark Owen
244,Obama: An Intimate Portrait,Pete Souza
245,"Oh, the Places You'll Go!",Dr. Seuss
246,"Oh, the Places You'll Go!",Dr. Seuss
247,"Oh, the Places You'll Go!",Dr. Seuss
248,"Oh, the Places You'll Go!",Dr. Seuss
249,"Oh, the Places You'll Go!",Dr. Seuss
250,"Oh, the Places You'll Go!",Dr. Seuss
251,"Oh, the Places You'll Go!",Dr. Seuss
252,"Oh, the Places You'll Go!",Dr. Seuss
253,Old School (Diary of a Wimpy Kid #10),Jeff Kinney
254,Olive Kitteridge,Elizabeth Strout
255,One Thousand Gifts: A Dare to Live Fully Right Where You Are,Ann Voskamp
256,One Thousand Gifts: A Dare to Live Fully Right Where You Are,Ann Voskamp
257,"Option B: Facing Adversity, Building Resilience, and Finding Joy",Sheryl Sandberg
258,Origin: A Novel (Robert Langdon),Dan Brown
259,Orphan Train,Christina Baker Kline
260,Outliers: The Story of Success,Malcolm Gladwell
261,Outliers: The Story of Success,Malcolm Gladwell
262,P is for Potty! (Sesame Street) (Lift-the-Flap),Naomi Kleinberg
263,P is for Potty! (Sesame Street) (Lift-the-Flap),Naomi Kleinberg
264,Percy Jackson and the Olympians Paperback Boxed Set (Books 1-3),Rick Riordan
265,Player's Handbook (Dungeons & Dragons),Wizards RPG Team
266,Player's Handbook (Dungeons & Dragons),Wizards RPG Team
267,Player's Handbook (Dungeons & Dragons),Wizards RPG Team
268,Pokémon Deluxe Essential Handbook: The Need-to-Know Stats and Facts on Over 700 Pokémon,Scholastic
269,Proof of Heaven: A Neurosurgeon's Journey into the Afterlife,Eben Alexander
270,Proof of Heaven: A Neurosurgeon's Journey into the Afterlife,Eben Alexander
271,"Publication Manual of the American Psychological Association, 6th Edition",American Psychological Association
272,"Publication Manual of the American Psychological Association, 6th Edition",American Psychological Association
273,"Publication Manual of the American Psychological Association, 6th Edition",American Psychological Association
274,"Publication Manual of the American Psychological Association, 6th Edition",American Psychological Association
275,"Publication Manual of the American Psychological Association, 6th Edition",American Psychological Association
276,"Publication Manual of the American Psychological Association, 6th Edition",American Psychological Association
277,"Publication Manual of the American Psychological Association, 6th Edition",American Psychological Association
278,"Publication Manual of the American Psychological Association, 6th Edition",American Psychological Association
279,"Publication Manual of the American Psychological Association, 6th Edition",American Psychological Association
280,"Publication Manual of the American Psychological Association, 6th Edition",American Psychological Association
281,Puppy Birthday to You! (Paw Patrol) (Little Golden Book),Golden Books
282,Quiet: The Power of Introverts in a World That Can't Stop Talking,Susan Cain
283,Quiet: The Power of Introverts in a World That Can't Stop Talking,Susan Cain
284,Radical: Taking Back Your Faith from the American Dream,David Platt
285,Radical: Taking Back Your Faith from the American Dream,David Platt
286,Ready Player One: A Novel,Ernest Cline
287,Ready Player One: A Novel,Ernest Cline
288,Rush Revere and the Brave Pilgrims: Time-Travel Adventures with Exceptional Americans (1),Rush Limbaugh
289,Rush Revere and the First Patriots: Time-Travel Adventures With Exceptional Americans (2),Rush Limbaugh
290,"Salt, Fat, Acid, Heat: Mastering the Elements of Good Cooking",Samin Nosrat
291,"Salt, Fat, Acid, Heat: Mastering the Elements of Good Cooking",Samin Nosrat
292,Sarah's Key,Tatiana de Rosnay
293,"School Zone - Big Preschool Workbook - Ages 4 and Up, Colors, Shapes, Numbers 1-10, Alphabet, Pre-Writing, Pre-Reading…",School Zone
294,"School Zone - Big Preschool Workbook - Ages 4 and Up, Colors, Shapes, Numbers 1-10, Alphabet, Pre-Writing, Pre-Reading…",School Zone
295,"Secret Garden: An Inky Treasure Hunt and Coloring Book (For Adults, mindfulness coloring)",Johanna Basford
296,Sh*t My Dad Says,Justin Halpern
297,Ship of Fools: How a Selfish Ruling Class Is Bringing America to the Brink of Revolution,Tucker Carlson
298,Shred: The Revolutionary Diet: 6 Weeks 4 Inches 2 Sizes,Ian K. Smith M.D.
299,Sookie Stackhouse,Charlaine Harris
300,"Soul Healing Miracles: Ancient and New Sacred Wisdom, Knowledge, and Practical Techniques for Healing the Spiritual…",Zhi Gang Sha
301,Steve Jobs,Walter Isaacson
302,Steve Jobs,Walter Isaacson
303,Strange Planet (Strange Planet Series),Nathan W. Pyle
304,StrengthsFinder 2.0,Gallup
305,StrengthsFinder 2.0,Gallup
306,StrengthsFinder 2.0,Gallup
307,StrengthsFinder 2.0,Gallup
308,StrengthsFinder 2.0,Gallup
309,StrengthsFinder 2.0,Gallup
310,StrengthsFinder 2.0,Gallup
311,StrengthsFinder 2.0,Gallup
312,StrengthsFinder 2.0,Gallup
313,"Super Freakonomics: Global Cooling, Patriotic Prostitutes, and Why Suicide Bombers Should Buy Life Insurance",Steven D. Levitt
314,Switch: How to Change Things When Change Is Hard,Chip Heath
315,Sycamore Row (Jake Brigance),John Grisham
316,Teach Like a Champion: 49 Techniques that Put Students on the Path to College,Doug Lemov
317,Teach Like a Champion: 49 Techniques that Put Students on the Path to College,Doug Lemov
318,The 17 Day Diet: A Doctor's Plan Designed for Rapid Results,Mike Moreno
319,"The 4 Hour Body: An Uncommon Guide to Rapid Fat Loss, Incredible Sex and Becoming Superhuman",Timothy Ferriss
320,The 5 Love Languages: The Secret to Love That Lasts,Gary Chapman
321,The 5 Love Languages: The Secret to Love That Lasts,Gary Chapman
322,The 5 Love Languages: The Secret to Love That Lasts,Gary Chapman
323,The 5 Love Languages: The Secret to Love That Lasts,Gary Chapman
324,The 5 Love Languages: The Secret to Love That Lasts,Gary Chapman
325,The 5 Love Languages: The Secret to Love that Lasts,Gary Chapman
326,The 5 Love Languages: The Secret to Love that Lasts,Gary Chapman
327,The 5 Love Languages: The Secret to Love that Lasts,Gary Chapman
328,The 5 Love Languages: The Secret to Love that Lasts,Gary Chapman
329,The 5 Love Languages: The Secret to Love that Lasts,Gary Chapman
330,The 5000 Year Leap,W. Cleon Skousen
331,The 7 Habits of Highly Effective People: Powerful Lessons in Personal Change,Stephen R. Covey
332,The 7 Habits of Highly Effective People: Powerful Lessons in Personal Change,Stephen R. Covey
333,The 7 Habits of Highly Effective People: Powerful Lessons in Personal Change,Stephen R. Covey
334,The 7 Habits of Highly Effective People: Powerful Lessons in Personal Change,Stephen R. Covey
335,The 7 Habits of Highly Effective People: Powerful Lessons in Personal Change,Stephen R. Covey
336,The 7 Habits of Highly Effective People: Powerful Lessons in Personal Change,Stephen R. Covey
337,The 7 Habits of Highly Effective People: Powerful Lessons in Personal Change,Stephen R. Covey
338,The Alchemist,Paulo Coelho
339,The Amateur,Edward Klein
340,The Art of Racing in the Rain: A Novel,Garth Stein
341,The Art of Racing in the Rain: A Novel,Garth Stein
342,The Big Short: Inside the Doomsday Machine,Michael Lewis
343,The Blood of Olympus (The Heroes of Olympus (5)),Rick Riordan
344,"The Blood Sugar Solution: The UltraHealthy Program for Losing Weight, Preventing Disease, and Feeling Great Now!",Mark Hyman M.D.
345,"The Body Keeps the Score: Brain, Mind, and Body in the Healing of Trauma",Bessel van der Kolk M.D.
346,The Book of Basketball: The NBA According to The Sports Guy,Bill Simmons
347,The Book Thief,Markus Zusak
348,The Book Thief,Markus Zusak
349,The Book with No Pictures,B. J. Novak
350,The Book with No Pictures,B. J. Novak
351,The Boys in the Boat: Nine Americans and Their Epic Quest for Gold at the 1936 Berlin Olympics,Daniel James Brown
352,The Boys in the Boat: Nine Americans and Their Epic Quest for Gold at the 1936 Berlin Olympics,Daniel James Brown
353,The Casual Vacancy,J.K. Rowling
354,The China Study: The Most Comprehensive Study of Nutrition Ever Conducted And the Startling Implications for Diet…,Thomas Campbell
355,The Complete Ketogenic Diet for Beginners: Your Essential Guide to Living the Keto Lifestyle,Amy Ramos
356,The Complete Ketogenic Diet for Beginners: Your Essential Guide to Living the Keto Lifestyle,Amy Ramos
357,The Confession: A Novel,John Grisham
358,The Constitution of the United States,Delegates of the Constitutional
359,The Daily Show with Jon Stewart Presents Earth (The Book): A Visitor's Guide to the Human Race,Jon Stewart
360,The Day the Crayons Quit,Drew Daywalt
361,The Day the Crayons Quit,Drew Daywalt
362,The Day the Crayons Quit,Drew Daywalt
363,"The Dukan Diet: 2 Steps to Lose the Weight, 2 Steps to Keep It Off Forever",Pierre Dukan
364,The Elegance of the Hedgehog,Muriel Barbery
365,The Fault in Our Stars,John Green
366,The Fault in Our Stars,John Green
367,The Fault in Our Stars,John Green
368,The Fault in Our Stars,John Green
369,The Five Dysfunctions of a Team: A Leadership Fable,Patrick Lencioni
370,The Five Dysfunctions of a Team: A Leadership Fable,Patrick Lencioni
371,The Five Dysfunctions of a Team: A Leadership Fable,Patrick Lencioni
372,The Five Dysfunctions of a Team: A Leadership Fable,Patrick Lencioni
373,The Five Dysfunctions of a Team: A Leadership Fable,Patrick Lencioni
374,The Five Love Languages: How to Express Heartfelt Commitment to Your Mate,Gary Chapman
375,The Four Agreements: A Practical Guide to Personal Freedom (A Toltec Wisdom Book),Don Miguel Ruiz
376,The Four Agreements: A Practical Guide to Personal Freedom (A Toltec Wisdom Book),Don Miguel Ruiz
377,The Four Agreements: A Practical Guide to Personal Freedom (A Toltec Wisdom Book),Don Miguel Ruiz
378,The Four Agreements: A Practical Guide to Personal Freedom (A Toltec Wisdom Book),Don Miguel Ruiz
379,The Four Agreements: A Practical Guide to Personal Freedom (A Toltec Wisdom Book),Don Miguel Ruiz
380,The Four Agreements: A Practical Guide to Personal Freedom (A Toltec Wisdom Book),Don Miguel Ruiz
381,The Getaway,Jeff Kinney
382,The Girl on the Train,Paula Hawkins
383,The Girl on the Train,Paula Hawkins
384,The Girl Who Kicked the Hornet's Nest (Millennium Trilogy),Stieg Larsson
385,The Girl Who Kicked the Hornet's Nest (Millennium Trilogy),Stieg Larsson
386,The Girl Who Played with Fire (Millennium Series),Stieg Larsson
387,The Girl Who Played with Fire (Millennium),Stieg Larsson
388,The Girl with the Dragon Tattoo (Millennium Series),Stieg Larsson
389,The Girl with the Dragon Tattoo (Millennium Series),Stieg Larsson
390,The Going-To-Bed Book,Sandra Boynton
391,The Going-To-Bed Book,Sandra Boynton
392,The Goldfinch: A Novel (Pulitzer Prize for Fiction),Donna Tartt
393,The Goldfinch: A Novel (Pulitzer Prize for Fiction),Donna Tartt
394,The Great Gatsby,F. Scott Fitzgerald
395,The Great Gatsby,F. Scott Fitzgerald
396,The Great Gatsby,F. Scott Fitzgerald
397,The Guardians: A Novel,John Grisham
398,The Guernsey Literary and Potato Peel Pie Society,Mary Ann Shaffer
399,The Handmaid's Tale,Margaret Atwood
400,The Harbinger: The Ancient Mystery that Holds the Secret of America's Future,Jonathan Cahn
401,The Hate U Give,Angie Thomas
402,The Help,Kathryn Stockett
403,The Help,Kathryn Stockett
404,The Help,Kathryn Stockett
405,The Help,Kathryn Stockett
406,"The House of Hades (Heroes of Olympus, Book 4)",Rick Riordan
407,The Hunger Games,Suzanne Collins
408,The Hunger Games (Book 1),Suzanne Collins
409,The Hunger Games (Book 1),Suzanne Collins
410,The Hunger Games Trilogy Boxed Set (1),Suzanne Collins
411,The Hunger Games Trilogy Boxed Set (1),Suzanne Collins
412,The Immortal Life of Henrietta Lacks,Rebecca Skloot
413,The Immortal Life of Henrietta Lacks,Rebecca Skloot
414,The Immortal Life of Henrietta Lacks,Rebecca Skloot
415,The Instant Pot Electric Pressure Cooker Cookbook: Easy Recipes for Fast & Healthy Meals,Laurel Randolph
416,The Instant Pot Electric Pressure Cooker Cookbook: Easy Recipes for Fast & Healthy Meals,Laurel Randolph
417,The Last Lecture,Randy Pausch
418,"The Last Olympian (Percy Jackson and the Olympians, Book 5)",Rick Riordan
419,"The Last Olympian (Percy Jackson and the Olympians, Book 5)",Rick Riordan
420,The Legend of Zelda: Hyrule Historia,Patrick Thorpe
421,The Lego Ideas Book: Unlock Your Imagination,Daniel Lipkowitz
422,The Lego Ideas Book: Unlock Your Imagination,Daniel Lipkowitz
423,The Life-Changing Magic of Tidying Up: The Japanese Art of Decluttering and Organizing,Marie Kondō
424,The Life-Changing Magic of Tidying Up: The Japanese Art of Decluttering and Organizing,Marie Kondō
425,The Life-Changing Magic of Tidying Up: The Japanese Art of Decluttering and Organizing,Marie Kondō
426,The Life-Changing Magic of Tidying Up: The Japanese Art of Decluttering and Organizing,Marie Kondō
427,The Litigators,John Grisham
428,"The Lost Hero (Heroes of Olympus, Book 1)",Rick Riordan
429,The Lost Symbol,Dan Brown
430,The Love Dare,Stephen Kendrick
431,The Magnolia Story,Chip Gaines
432,"The Mark of Athena (Heroes of Olympus, Book 3)",Rick Riordan
433,The Martian,Andy Weir
434,The Maze Runner (Book 1),James Dashner
435,The Meltdown (Diary of a Wimpy Kid Book 13),Jeff Kinney
436,The Mueller Report,The Washington Post
437,The Nightingale: A Novel,Kristin Hannah
438,The Nightingale: A Novel,Kristin Hannah
439,The Official SAT Study Guide,The College Board
440,The Official SAT Study Guide,The College Board
441,The Official SAT Study Guide,The College Board
442,The Official SAT Study Guide,The College Board
443,The Official SAT Study Guide,The College Board
444,"The Official SAT Study Guide, 2016 Edition (Official Study Guide for the New Sat)",The College Board
445,The Paris Wife: A Novel,Paula McLain
446,"The Pioneer Woman Cooks: A Year of Holidays: 140 Step-by-Step Recipes for Simple, Scrumptious Celebrations",Ree Drummond
447,"The Pioneer Woman Cooks: Dinnertime - Comfort Classics, Freezer Food, 16-minute Meals, and Other Delicious Ways to Solve…",Ree Drummond
448,The Pioneer Woman Cooks: Food from My Frontier,Ree Drummond
449,"The Plant Paradox Cookbook: 100 Delicious Recipes to Help You Lose Weight, Heal Your Gut, and Live Lectin-Free",Dr. Steven R Gundry MD
450,"The Plant Paradox: The Hidden Dangers in ""Healthy"" Foods That Cause Disease and Weight Gain",Dr. Steven R Gundry MD
451,The Pout-Pout Fish,Deborah Diesen
452,The Pout-Pout Fish,Deborah Diesen
453,The Power of Habit: Why We Do What We Do in Life and Business,Charles Duhigg
454,The President Is Missing: A Novel,James Patterson
455,The Racketeer,John Grisham
456,"The Red Pyramid (The Kane Chronicles, Book 1)",Rick Riordan
457,"The Road to Serfdom: Text and Documents--The Definitive Edition (The Collected Works of F. A. Hayek, Volume 2)",F. A. Hayek
458,"The Serpent's Shadow (The Kane Chronicles, Book 3)",Rick Riordan
459,The Shack: Where Tragedy Confronts Eternity,William P. Young
460,The Shack: Where Tragedy Confronts Eternity,William P. Young
461,The Short Second Life of Bree Tanner: An Eclipse Novella (The Twilight Saga),Stephenie Meyer
462,The Silent Patient,Alex Michaelides
463,"The Son of Neptune (Heroes of Olympus, Book 2)",Rick Riordan
464,The Subtle Art of Not Giving a F*ck: A Counterintuitive Approach to Living a Good Life,Mark Manson
465,The Subtle Art of Not Giving a F*ck: A Counterintuitive Approach to Living a Good Life,Mark Manson
466,The Subtle Art of Not Giving a F*ck: A Counterintuitive Approach to Living a Good Life,Mark Manson
467,The Sun and Her Flowers,Rupi Kaur
468,"The Third Wheel (Diary of a Wimpy Kid, Book 7)",Jeff Kinney
469,"The Throne of Fire (The Kane Chronicles, Book 2)",Rick Riordan
470,The Time Traveler's Wife,Audrey Niffenegger
471,The Tipping Point: How Little Things Can Make a Big Difference,Malcolm Gladwell
472,The Total Money Makeover: Classic Edition: A Proven Plan for Financial Fitness,Dave Ramsey
473,The Twilight Saga Collection,Stephenie Meyer
474,"The Ugly Truth (Diary of a Wimpy Kid, Book 5)",Jeff Kinney
475,The Unofficial Harry Potter Cookbook: From Cauldron Cakes to Knickerbocker Glory--More Than 150 Magical Recipes for…,Dinah Bucholz
476,The Very Hungry Caterpillar,Eric Carle
477,The Very Hungry Caterpillar,Eric Carle
478,The Very Hungry Caterpillar,Eric Carle
479,The Very Hungry Caterpillar,Eric Carle
480,The Very Hungry Caterpillar,Eric Carle
481,The Very Hungry Caterpillar,Eric Carle
482,The Very Hungry Caterpillar,Eric Carle
483,The Whole30: The 30-Day Guide to Total Health and Food Freedom,Melissa Hartwig Urban
484,The Whole30: The 30-Day Guide to Total Health and Food Freedom,Melissa Hartwig Urban
485,The Whole30: The 30-Day Guide to Total Health and Food Freedom,Melissa Hartwig Urban
486,The Wonderful Things You Will Be,Emily Winfield Martin
487,The Wonderful Things You Will Be,Emily Winfield Martin
488,The Wonderful Things You Will Be,Emily Winfield Martin
489,The Wonderful Things You Will Be,Emily Winfield Martin
490,The Wonky Donkey,Craig Smith
491,The Wonky Donkey,Craig Smith
492,The Wright Brothers,David McCullough
493,"Things That Matter: Three Decades of Passions, Pastimes and Politics [Deckled Edge]",Charles Krauthammer
494,"Thinking, Fast and Slow",Daniel Kahneman
495,"Thinking, Fast and Slow",Daniel Kahneman
496,Thirteen Reasons Why,Jay Asher
497,Thomas Jefferson: The Art of Power,Jon Meacham
498,Three Cups of Tea: One Man's Mission to Promote Peace - One School at a Time,Greg Mortenson
499,Three Cups of Tea: One Man's Mission to Promote Peace - One School at a Time,Greg Mortenson
500,Thug Kitchen: The Official Cookbook: Eat Like You Give a F*ck (Thug Kitchen Cookbooks),Thug Kitchen
501,Thug Kitchen: The Official Cookbook: Eat Like You Give a F*ck (Thug Kitchen Cookbooks),Thug Kitchen
502,Thug Kitchen: The Official Cookbook: Eat Like You Give a F*ck (Thug Kitchen Cookbooks),Thug Kitchen
503,Thug Kitchen: The Official Cookbook: Eat Like You Give a F*ck (Thug Kitchen Cookbooks),Thug Kitchen
504,Tina Fey: Bossypants,Tina Fey
505,To Kill a Mockingbird,Harper Lee
506,To Kill a Mockingbird,Harper Lee
507,To Kill a Mockingbird,Harper Lee
508,To Kill a Mockingbird,Harper Lee
509,To Kill a Mockingbird,Harper Lee
510,"Tools of Titans: The Tactics, Routines, and Habits of Billionaires, Icons, and World-Class Performers",Timothy Ferriss
511,"Towers of Midnight (Wheel of Time, Book Thirteen)",Robert Jordan
512,True Compass: A Memoir,Edward M. Kennedy
513,"Twilight (The Twilight Saga, Book 1)",Stephenie Meyer
514,Ultimate Sticker Book: Frozen: More Than 60 Reusable Full-Color Stickers,DK
515,"Unbroken: A World War II Story of Survival, Resilience, and Redemption",Laura Hillenbrand
516,"Unbroken: A World War II Story of Survival, Resilience, and Redemption",Laura Hillenbrand
517,"Unbroken: A World War II Story of Survival, Resilience, and Redemption",Laura Hillenbrand
518,"Unbroken: A World War II Story of Survival, Resilience, and Redemption",Laura Hillenbrand
519,"Unbroken: A World War II Story of Survival, Resilience, and Redemption",Laura Hillenbrand
520,Under the Dome: A Novel,Stephen King
521,Unfreedom of the Press,Mark R. Levin
522,Unicorn Coloring Book: For Kids Ages 4-8 (US Edition) (Silly Bear Coloring Books),Silly Bear
523,"Uninvited: Living Loved When You Feel Less Than, Left Out, and Lonely",Lysa TerKeurst
524,Watchmen,Alan Moore
525,Water for Elephants: A Novel,Sara Gruen
526,What Happened,Hillary Rodham Clinton
527,What If?: Serious Scientific Answers to Absurd Hypothetical Questions,Randall Munroe
528,What Pet Should I Get? (Classic Seuss),Dr. Seuss
529,What Should Danny Do? (The Power to Choose Series),Adir Levy
530,What to Expect When You're Expecting,Heidi Murkoff
531,"Wheat Belly: Lose the Wheat, Lose the Weight, and Find Your Path Back to Health",William Davis
532,"Wheat Belly: Lose the Wheat, Lose the Weight, and Find Your Path Back to Health",William Davis
533,When Breath Becomes Air,Paul Kalanithi
534,Where the Crawdads Sing,Delia Owens
535,Where the Wild Things Are,Maurice Sendak
536,Whose Boat Is This Boat?: Comments That Don't Help in the Aftermath of a Hurricane,The Staff of The Late Show with
537,Wild: From Lost to Found on the Pacific Crest Trail,Cheryl Strayed
538,Winter of the World: Book Two of the Century Trilogy,Ken Follett
539,Women Food and God: An Unexpected Path to Almost Everything,Geneen Roth
540,Wonder,R. J. Palacio
541,Wonder,R. J. Palacio
542,Wonder,R. J. Palacio
543,Wonder,R. J. Palacio
544,Wonder,R. J. Palacio
545,Wrecking Ball (Diary of a Wimpy Kid Book 14),Jeff Kinney
546,You Are a Badass: How to Stop Doubting Your Greatness and Start Living an Awesome Life,Jen Sincero
547,You Are a Badass: How to Stop Doubting Your Greatness and Start Living an Awesome Life,Jen Sincero
548,You Are a Badass: How to Stop Doubting Your Greatness and Start Living an Awesome Life,Jen Sincero
549,You Are a Badass: How to Stop Doubting Your Greatness and Start Living an Awesome Life,Jen Sincero
